time,x,y,z
17,3.586,-2.489,9.086
28,3.638,-2.604,9.096
36,3.61,-2.542,9.067
44,3.447,-2.504,8.971
54,3.361,-2.576,8.952
68,3.337,-2.461,8.995
78,3.265,-2.193,9.005
87,3.14,-2.351,8.88
98,3.179,-2.633,8.847
109,3.212,-2.719,8.809
123,3.284,-2.676,8.852
134,3.327,-2.762,8.861
144,3.303,-2.738,8.895
154,3.227,-2.781,8.957
164,3.174,-2.71,9.01
177,3.112,-2.561,9.029
185,3.212,-2.485,9.172
196,3.332,-2.284,9.316
210,3.413,-2.432,9.335
220,3.471,-2.451,9.397
230,3.356,-2.633,9.211
240,3.16,-2.547,9.101
250,3.126,-2.509,8.995
265,3.102,-2.772,8.885
276,3.069,-2.863,8.77
284,3.131,-2.667,8.947
295,3.423,-2.7,9.182
306,3.605,-2.959,9.345
320,3.667,-2.882,9.426
330,3.634,-2.705,9.431
340,3.485,-2.609,9.201
351,3.255,-2.805,8.923
365,3.155,-2.767,8.813
376,3.083,-2.724,8.727
384,3.035,-2.762,8.689
395,3.097,-2.671,8.804
406,3.164,-2.547,8.952
422,3.38,-2.705,9.144
431,3.509,-2.59,9.402
441,3.476,-2.532,9.397
452,3.279,-2.384,9.096
462,3.026,-2.293,8.9
476,2.959,-2.312,8.794
485,2.992,-2.566,8.689
496,3.035,-2.738,8.718
507,3.121,-2.652,8.837
517,3.179,-2.748,8.947
532,3.284,-2.662,9.182
543,3.456,-2.456,9.345
554,3.485,-2.714,9.326
564,3.409,-2.757,9.139
575,3.035,-2.719,8.885
585,2.954,-2.724,8.766
595,2.982,-2.681,8.78
609,3.03,-2.556,8.852
624,3.255,-2.379,9.043
634,3.356,-2.355,9.168
643,3.322,-2.499,9.019
654,3.38,-2.638,8.986
665,3.476,-2.786,9.034
680,3.538,-2.767,9.034
690,3.461,-2.791,9.01
701,3.466,-2.834,8.981
712,3.461,-2.705,8.981
722,3.327,-2.777,8.952
737,3.409,-2.839,9.053
748,3.552,-2.997,9.206
758,3.715,-2.925,9.35
769,3.677,-2.58,9.469
779,3.365,-2.59,9.292
789,2.978,-2.556,9.201
803,2.791,-2.446,9.043
813,2.604,-2.442,8.919
824,2.623,-2.374,8.971
841,2.844,-2.614,9.062
850,3.049,-2.595,9.177
861,3.322,-2.461,9.335
871,3.231,-2.432,9.311
885,3.073,-2.633,9.086
896,2.968,-2.274,9.024
906,2.887,-2.264,8.847
916,3.04,-2.217,8.89
927,3.255,-2.322,9.024
943,3.605,-2.422,9.216
953,3.82,-2.652,9.33
963,3.811,-2.743,9.383
969,3.557,-2.69,9.182
983,3.265,-2.442,8.957
994,2.978,-2.298,8.77
1005,2.743,-2.207,8.55
1013,2.662,-3.614,8.541
1027,2.872,-2.585,8.818
1038,3.145,-2.456,9.086
1047,3.423,-2.427,9.268
1057,3.519,-2.284,9.436
1068,3.6,-2.379,9.484
1079,3.385,-2.403,9.302
1087,3.126,-2.264,9.091
1102,2.887,-2.173,8.833
1112,2.815,-2.293,8.713
1124,2.92,-2.442,8.713
1132,3.045,-2.681,8.77
1143,3.265,-3.026,8.919
1158,3.399,-2.959,9.125
1168,3.466,-2.748,9.292
1178,3.432,-2.37,9.417
1185,3.193,-2.341,9.283
1195,3.145,-2.236,9.182
1209,3.112,-2.284,9.115
1217,3.064,-2.398,9.11
1229,3.117,-2.461,9.144
1243,3.251,-2.427,9.23
1254,3.351,-2.681,9.254
1265,3.452,-2.647,9.33
1274,3.356,-2.418,9.268
1285,3.093,-2.384,9.034
1295,2.982,-2.532,8.986
1308,2.978,-2.528,8.938
1316,2.963,-2.585,8.923
1327,3.054,-2.604,9.062
1342,3.279,-2.465,9.297
1353,3.471,-2.504,9.484
1362,3.509,-2.394,9.45
1373,3.27,-2.509,9.239
1384,3.102,-2.36,9.101
1398,2.978,-2.432,8.933
1408,2.901,-2.628,8.789
1419,2.868,-2.757,8.689
1429,2.949,-2.915,8.742
1439,3.088,-2.719,8.885
1455,3.298,-2.528,9.235
1465,3.337,-2.595,9.292
1475,3.236,-2.504,9.292
1485,3.049,-2.408,9.12
1494,2.839,-2.322,8.856
1507,2.734,-2.413,8.818
1517,2.791,-2.398,8.828
1528,3.107,-2.619,8.991
1538,3.251,-2.724,9.067
1549,3.327,-2.408,9.254
1560,3.265,-2.762,9.139
1569,3.207,-2.556,9.058
1579,3.03,-2.346,8.866
1595,2.796,-2.317,8.727
1603,2.695,-2.518,8.593
1614,2.767,-2.604,8.833
1625,3.002,-2.523,9.12
1635,3.38,-2.451,9.369
1645,3.504,-2.518,9.575
1660,3.461,-2.623,9.555
1670,3.27,-2.667,9.412
1681,3.117,-2.154,9.216
1691,2.901,-2.173,9.067
1702,2.81,-2.346,8.957
1712,2.872,-2.523,8.871
1727,2.963,-2.465,8.995
1736,2.987,-2.561,9.081
1747,3.155,-2.791,9.34
1757,3.318,-2.351,9.589
1766,3.231,-2.327,9.503
1780,3.145,-2.173,9.402
1787,3.021,-2.288,9.263
1797,3.045,-2.341,9.182
1808,3.126,-2.532,9.139
1821,3.136,-2.547,9.091
1829,3.155,-2.518,9.081
1843,3.179,-2.604,9.043
1852,3.169,-2.537,8.986
1860,3.179,-2.556,9.029
1869,3.227,-2.796,9.043
1886,3.188,-2.652,9.101
1896,3.126,-2.619,9.077
1907,3.064,-2.604,9.072
1917,3.064,-2.604,9.067
1927,3.073,-2.566,9.062
1938,3.088,-2.351,9.134
1949,3.069,-2.403,9.172
1957,3.184,-2.37,9.283
1972,3.227,-2.585,9.287
1981,3.184,-2.489,9.254
1996,3.049,-2.365,9.144
2006,2.906,-2.379,8.976
2015,2.844,-2.374,8.923
2022,2.896,-2.489,8.928
2032,2.968,-2.58,9.038
2046,3.126,-2.647,9.201
2056,3.289,-2.566,9.474
2067,3.303,-2.547,9.498
2077,3.203,-2.451,9.373
2091,3.117,-2.351,9.297
2103,2.978,-2.427,8.967
2111,2.786,-2.461,8.89
2125,2.767,-2.398,8.89
2138,2.997,-2.509,9.125
2152,3.274,-2.456,9.35
2164,3.447,-2.442,9.464
2174,3.059,-2.599,9.144
2185,2.815,-2.36,9.0
2193,2.695,-2.351,8.833
2204,2.757,-2.24,8.9
2219,2.892,-2.403,8.957
2230,2.911,-2.599,8.933
2239,2.997,-2.69,8.962
2249,3.073,-2.576,9.134
2260,3.164,-2.561,9.22
2271,3.217,-2.499,9.254
2284,3.227,-2.537,9.216
2295,3.16,-2.485,9.144
2305,2.93,-2.446,8.833
2315,2.791,-2.437,8.679
2326,2.638,-2.389,8.584
2338,2.604,-2.422,8.622
2345,2.781,-2.59,8.813
2356,2.978,-2.513,9.144
2366,3.227,-2.489,9.34
2378,3.423,-2.542,9.56
2389,3.337,-2.614,9.488
2403,3.212,-2.398,9.33
2414,2.911,-2.312,9.125
2424,2.738,-2.365,8.876
2434,2.714,-2.384,8.847
2444,2.92,-2.442,8.991
2457,3.059,-2.566,9.177
2467,3.279,-2.58,9.34
2475,3.246,-2.877,9.35
2484,3.064,-2.772,9.249
2495,2.892,-2.432,9.244
2510,2.93,-2.418,9.326
2521,2.954,-2.231,9.373
2531,2.939,-2.25,9.345
2542,3.112,-2.422,9.431
2553,3.236,-2.571,9.436
2561,3.356,-2.638,9.417
2572,3.246,-2.566,9.283
2585,3.03,-2.576,9.019
2597,2.839,-2.58,8.885
2606,2.786,-2.413,8.952
2616,2.829,-2.422,9.043
2627,2.911,-2.499,9.153
2641,3.03,-2.47,9.249
2652,3.049,-2.485,9.239
2661,3.04,-2.327,9.292
2671,3.011,-2.255,9.287
2682,2.992,-2.279,9.259
2697,2.93,-2.341,9.086
2708,2.863,-2.451,8.981
2716,2.915,-2.547,8.986
2727,2.987,-2.322,9.019
2738,3.026,-2.475,8.991
2751,3.117,-2.599,9.038
2759,3.011,-2.681,8.947
2769,2.892,-2.509,8.904
2784,2.906,-2.298,8.957
2794,2.906,-2.437,8.852
2804,2.801,-2.518,8.655
2814,2.805,-2.36,8.502
2821,2.767,-2.193,8.421
2831,2.58,-2.068,8.344
2847,2.556,-2.068,8.253
2855,2.638,-2.02,8.229
2867,2.714,-2.035,7.971
2877,2.714,-2.015,7.703
2886,2.863,-2.116,7.401
2895,3.169,-2.231,6.927
2910,3.552,-2.418,6.358
2921,3.844,-2.212,5.477
2930,3.777,-1.431,4.945
2939,3.437,-0.498,3.926
2950,2.408,-0.589,3.112
2960,1.676,-0.799,2.384
2975,1.321,-0.881,1.934
2984,1.321,-0.618,1.977
2994,1.939,-0.263,2.03
3005,2.724,0.182,2.226
3019,3.442,0.953,2.351
3030,3.638,0.862,2.341
3041,3.815,0.158,2.049
3056,3.557,-0.627,1.565
3065,3.461,-0.752,1.182
3076,3.461,-0.014,0.522
3086,3.882,-0.129,0.153
3095,3.801,0.388,0.407
3109,4.423,-0.431,0.321
3120,5.108,-1.805,-0.067
3130,6.046,-2.844,-0.067
3141,7.123,-3.203,-0.115
3150,8.181,-2.087,-0.326
3161,8.689,-0.689,-0.79
3172,8.78,-0.168,-0.814
3186,8.569,-0.799,-1.398
3197,9.024,-0.838,-1.834
3208,9.857,-0.905,-2.604
3217,11.197,-1.135,-2.973
3228,13.06,-0.857,-3.054
3237,14.228,-0.732,-3.093
3252,16.88,-0.881,-2.561
3262,18.828,-0.249,-1.733
3268,20.097,1.259,-0.565
3280,20.868,1.144,-0.847
3290,20.533,0.709,-2.183
3303,19.173,-0.823,-5.256
3315,17.837,-1.896,-8.952
3325,17.962,-0.79,-9.958
3338,18.369,1.771,-10.542
3348,19.274,3.045,-10.345
3363,20.245,3.667,-10.135
3373,20.94,4.184,-9.752
3383,21.275,5.711,-9.283
3394,20.552,5.046,-9.747
3405,19.604,6.032,-10.384
3416,18.555,4.859,-10.934
3426,17.445,5.323,-11.849
3442,16.803,5.17,-11.245
3452,16.569,6.515,-9.924
3462,16.104,6.697,-9.761
3474,15.329,5.994,-10.077
3487,15.338,5.496,-10.441
3498,16.746,5.146,-9.622
3508,18.699,4.96,-7.636
3519,21.969,3.394,-5.687
3534,25.722,3.198,-3.729
3545,28.858,1.058,-5.955
3556,32.242,1.647,-4.974
3565,30.481,3.404,-5.218
3576,38.356,-5.276,-1.771
3590,45.039,2.403,8.517
3598,56.188,-2.509,18.761
3608,67.774,-9.919,11.231
3618,77.674,-2.982,0.349
3634,85.458,8.871,-8.162
3645,96.344,15.607,-12.37
3654,104.468,21.016,-28.245
3663,95.214,30.959,-44.024
3674,81.657,22.668,-35.368
3687,67.821,10.762,-39.031
3698,37.178,12.782,-33.655
3709,24.434,4.806,-31.577
3723,14.046,2.207,-30.988
3734,13.845,5.075,-13.275
3742,17.411,-2.202,-0.321
3751,16.775,-3.346,-3.432
3764,14.266,2.987,-4.107
3775,10.733,1.163,-6.784
3784,12.581,-0.278,-2.14
3795,12.155,-7.056,-0.172
3807,9.622,-9.493,-4.524
3821,9.354,-1.024,-0.728
3831,7.717,-0.661,-2.595
3845,8.248,1.355,4.672
3856,10.838,-4.371,6.65
3865,13.155,0.326,9.733
3876,10.139,-1.436,8.923
3890,-30.136,-9.455,-31.692
3901,-24.094,80.651,-3.624
3910,4.476,-19.135,7.123
3921,3.715,-28.255,12.409
3932,3.255,8.253,8.325
3945,-1.848,20.628,3.188
3956,-10.092,9.177,-6.401
3966,-9.651,9.761,-1.924
3974,0.728,23.822,12.524
3986,5.477,-1.106,1.063
3998,-1.81,1.302,-0.115
4007,-5.63,9.397,-3.863
4017,-6.511,6.027,-9.565
4033,-8.057,7.157,-13.036
4042,-8.033,9.78,-14.544
4053,-7.511,10.321,-25.009
4064,0.144,9.958,-29.356
4098,20.375,-2.815,-20.159
4106,36.532,17.794,10.068
4118,30.476,-16.425,5.936
4151,17.842,-30.907,-18.915
4162,9.354,-4.663,-22.414
4176,3.361,-21.246,-5.443
4185,19.862,-32.017,-2.389
4197,30.816,-37.934,-1.058
4207,53.943,-54.001,8.641
4221,33.607,9.129,-27.182
4232,31.103,22.644,6.755
4243,28.484,-1.173,2.475
4254,20.327,-4.792,3.088
4268,13.897,-17.861,-1.249
4279,13.716,-5.367,5.577
4289,9.072,0.843,5.73
4299,2.02,-5.788,-5.534
4314,2.93,1.867,-0.038
4325,3.117,-5.022,3.231
4333,-1.747,-14.3,-0.541
4343,6.793,-0.464,12.849
4354,7.071,-4.371,12.653
4370,-23.309,-15.214,-48.821
4379,-19.039,87.885,9.402
4389,2.011,-58.678,3.284
4403,3.538,-23.395,10.829
4412,2.556,12.902,3.236
4423,-2.312,1.915,-1.767
4436,9.699,2.327,0.613
4448,-1.436,-3.897,-7.856
4459,-9.426,-17.675,-11.743
4474,-1.087,-2.719,-0.464
4482,-5.376,7.066,-4.95
4494,-1.039,4.495,-7.808
4505,-4.045,3.61,-8.761
4514,-8.325,6.755,-22.567
4525,9.058,-5.807,-30.643
4537,12.974,4.175,-13.433
4552,4.811,-11.279,-7.693
4563,32.266,5.563,11.561
4572,14.764,-49.433,-3.82
4582,20.834,4.093,-18.015
4594,13.883,-20.882,-5.908
4606,13.543,-5.481,-19.728
4618,-2.58,-0.723,24.65
4629,31.51,-33.75,6.87
4643,35.929,-31.831,1.805
4654,49.678,-72.077,-9.68
4663,43.416,47.547,-11.174
4674,28.312,10.326,-5.434
4685,20.466,-18.895,-10.542
4699,14.175,20.231,1.249
4711,10.384,-30.868,5.572
4721,15.812,-7.573,4.175
4731,7.928,9.373,5.534
4741,-0.302,-11.264,-9.311
4755,-0.057,7.415,3.811
4765,2.71,-1.628,6.353
4774,-0.574,-13.749,5.108
4788,-1.317,-6.262,6.453
4798,4.763,-4.826,8.349
4808,-25.617,20.738,-21.452
4816,-2.628,90.58,8.914
4830,6.578,-40.419,-12.567
4841,-3.174,-34.411,7.703
4851,3.27,10.781,6.961
4862,-4.017,-0.503,-2.193
4873,4.51,-4.141,7.305
4886,-2.346,35.067,13.266
4898,-0.474,-11.509,-14.975
4909,-13.553,-18.685,-8.177
4920,-8.292,4.802,-3.456
4930,-3.926,4.988,-5.855
4943,-5.118,7.885,-10.35
4953,-2.643,9.814,-16.387
4964,11.882,4.352,-36.565
4979,25.296,8.296,-16.583
4987,5.644,-23.386,-12.854
4998,47.298,-18.986,12.782
5009,42.506,-34.789,5.256
5023,20.174,-18.709,-24.607
5034,16.626,-24.41,-27.647
5044,15.568,3.854,-27.034
5054,12.543,4.854,39.155
5066,26.378,-47.504,5.534
5077,37.207,-38.389,3.533
5085,35.885,-52.435,-6.98
5095,42.779,9.134,0.297
5110,24.769,16.732,-14.055
5121,20.135,0.005,-0.847
5131,12.902,4.256,14.3
5140,11.202,-22.385,8.172
5151,17.081,-2.93,19.374
5166,11.274,-21.174,5.635
5175,4.61,-13.754,-6.559
5186,7.808,4.572,7.727
5197,1.834,-6.267,8.651
5208,9.287,-10.853,14.247
5223,5.879,-4.72,8.052
5234,7.253,-3.705,1.992
5242,-7.368,32.381,-23.778
5253,2.011,-13.649,-7.779
5263,-11.174,-58.419,1.939
5276,6.233,-0.699,8.277
5286,-3.624,16.947,-2.552
5294,-13.706,-8.043,-10.771
5304,9.618,-3.274,-0.187
5320,0.273,46.25,9.058
5328,6.257,-11.451,-15.501
5338,-7.612,-22.859,-18.283
5349,-5.874,5.256,-2.111
5360,-3.638,3.844,-7.736
5373,3.792,-0.072,4.787
5384,-2.427,9.11,-4.85
5395,-5.113,4.27,-28.341
5410,23.228,2.116,-18.412
5419,12.016,-20.552,-27.503
5431,33.176,-5.85,-12.6
5441,44.57,-29.571,1.733
5447,30.907,-19.633,-24.544
5458,26.32,-16.569,-16.971
5472,8.828,-21.375,-21.002
5481,-0.953,1.46,28.322
5490,25.047,-45.762,2.906
5500,38.38,-43.512,3.164
5516,37.93,-46.896,-1.278
5526,48.136,8.895,-7.301
5536,22.443,23.161,-13.333
5547,11.035,-27.058,-17.809
5558,14.036,27.479,4.088
5574,8.823,-9.785,2.36
5582,12.117,-5.007,11.212
5594,10.609,-0.665,2.499
5602,-0.23,-18.129,-11.628
5613,-1.508,-13.888,-5.122
5624,7.463,8.574,9.871
5638,7.913,-14.477,5.457
5648,3.279,-2.935,3.739
5659,6.013,-4.998,-6.592
5670,-6.391,86.568,2.341
5680,8.378,-23.711,-19.542
5694,-16.76,-65.921,-19.135
5704,3.289,1.082,8.215
5713,3.107,18.699,4.83
5724,-0.484,-8.622,-0.455
5735,-2.461,-3.657,11.312
5750,2.791,37.049,9.531
5760,-8.962,-16.057,-30.438
5770,-6.721,-6.228,-13.108
5780,0.713,11.011,-11.485
5791,-7.037,8.756,-13.582
5805,13.06,3.667,-10.015
5815,-6.769,5.697,-13.333
5826,10.173,-5.242,-28.46
5837,33.123,-30.543,-18.804
5851,37.25,-0.737,18.843
5862,41.788,-68.358,2.312
5869,30.438,13.514,-14.376
5879,7.583,-33.927,-31.85
5889,5.079,-16.631,-42.626
5903,1.312,1.35,-26.632
5911,10.039,-3.327,14.855
5921,38.49,-34.109,17.057
5932,40.95,-38.538,3.815
5947,37.346,-41.87,-0.718
5957,38.15,11.662,-20.236
5968,10.963,26.531,-22.821
5978,12.289,-31.026,-13.687
5988,13.242,33.827,14.424
6002,8.928,-13.826,3.088
6012,14.558,11.245,14.687
6022,9.508,-17.033,5.884
6034,3.969,-20.786,-5.534
6043,0.302,-0.752,-1.034
6054,4.031,3.064,3.289
6069,2.762,-16.502,3.504
6079,2.068,2.427,1.771
6093,-14.386,-35.68,-21.916
6107,-8.258,124.072,21.892
6118,15.779,-44.67,-10.996
6127,-3.432,-58.951,6.774
6137,1.896,18.57,4.878
6153,-11.949,1.101,-10.187
6163,-16.392,3.868,-12.208
6173,-3.485,33.722,6.894
6184,-0.072,-7.913,-19.518
6194,-6.29,-8.239,-5.97
6205,-2.896,3.978,-2.284
6219,-0.752,-1.139,-2.279
6229,3.892,-1.623,-0.129
6238,-3.605,6.946,-16.109
6249,11.901,17.378,-35.761
6261,18.771,-9.651,-15.066
6275,-1.369,-31.17,-17.847
6284,31.117,-36.254,-5.62
6295,27.857,-15.472,-4.778
6331,-13.802,-0.287,-27.134
6341,41.094,-32.324,32.711
6355,23.314,-32.171,2.408
6365,52.756,-52.531,16.87
6378,38.495,-8.703,-14.415
6389,17.383,-1.556,-21.356
6400,20.906,-5.089,0.89
6410,16.89,0.393,1.331
6425,18.201,-9.79,9.23
6435,17.77,-7.157,12.614
6446,12.49,-11.126,0.723
6455,6.267,-2.135,-2.695
6466,5.525,-6.056,-2.164
6480,3.112,-13.495,-3.59
6490,7.171,3.926,1.537
6497,7.186,-0.086,10.896
6508,5.553,-6.324,8.847
6522,-8.344,-8.263,2.585
6533,-5.228,27.618,-13.294
6544,6.305,-51.085,-6.563
6555,3.59,-26.33,6.965
6564,5.769,10.24,7.526
6578,-4.304,0.79,-4.538
6588,-12.495,-1.072,-3.921
6599,-0.699,38.72,19.063
6608,-2.762,-6.985,-4.955
6619,-10.005,-22.783,-14.884
6632,-3.274,0.709,-1.455
6642,-2.509,4.778,-3.715
6653,-11.566,5.673,-9.46
6663,-4.438,9.536,-7.248
6674,8.67,19.192,-11.394
6688,5.194,3.38,-27.919
6699,12.758,-28.59,-25.861
6708,31.333,-6.563,6.171
6718,37.288,-30.567,-1.398
6730,27.383,-15.042,-11.542
6742,28.594,-6.147,-17.004
6752,14.754,-6.032,-25.698
6768,-12.782,-2.863,-20.944
6778,50.716,-33.41,45.259
6788,26.21,-12.528,4.141
6798,55.121,-60.411,3.854
6809,36.57,21.026,-7.889
6823,16.047,-8.459,-27.862
6832,21.39,-0.067,1.005
6843,13.639,-23.664,-6.31
6853,15.051,-16.31,13.088
6863,14.434,-16.349,16.717
6878,8.852,-25.373,-2.049
6889,6.137,0.742,0.11
6900,2.738,-18.01,8.598
6909,0.072,-18.139,-1.001
6919,7.607,7.688,8.296
6933,5.908,2.035,10.451
6944,3.911,-11.81,10.254
6954,6.774,-1.848,-21.203
6963,-21.102,114.564,-11.949
6974,13.256,-29.083,-3.734
6988,-5.989,-34.057,8.052
6999,5.855,7.205,7.396
7008,-3.839,8.344,-5.165
7019,-17.435,-0.402,-1.862
7029,-3.447,34.861,16.057
7044,-9.187,-9.709,-12.988
7051,-18.532,-18.503,-20.738
7061,-7.382,6.659,-9.953
7072,-2.571,3.815,-11.025
7086,-3.815,-0.124,-15.429
7097,4.749,-0.158,5.826
7106,4.04,-2.063,-12.782
7116,7.688,7.234,-4.203
7127,25.741,-22.112,-33.549
7158,18.479,-19.944,-7.334
7172,27.302,-7.167,-21.002
7183,23.51,-10.139,-20.786
7192,11.375,7.593,-35.139
7203,23.592,-4.031,55.451
7213,30.797,-22.677,6.717
7228,37.944,-46.753,16.124
7238,57.481,-82.672,3.337
7248,35.68,59.334,-22.96
7258,19.762,-20.686,-8.292
7268,24.631,1.474,-1.307
7281,18.359,10.704,6.219
7293,15.468,-18.302,6.769
7303,13.821,-11.341,8.052
7313,7.588,-18.383,-2.245
7323,5.39,-6.669,-0.12
7337,6.133,-3.772,1.168
7348,2.135,-12.978,-1.35
7357,5.079,7.866,3.657
7369,2.7,8.387,10.369
7382,1.288,-9.393,1.982
7393,2.293,-0.752,3.255
7404,-6.664,10.958,9.522
7421,3.72,-46.872,-8.622
7430,-0.455,-9.713,8.885
7439,2.236,14.462,1.728
7450,-1.632,-8.923,-1.996
7461,-1.474,-2.676,15.779
7474,-3.557,25.325,11.025
7486,-6.779,-14.788,-13.921
7495,-15.449,-6.228,-13.39
7503,-6.774,10.144,-14.855
7517,-7.798,6.549,-17.454
7528,-5.424,0.148,-1.699
7537,-9.948,1.599,-20.686
7544,2.901,38.892,-55.877
7555,60.219,32.123,15.405
7570,-18.953,-110.562,7.305
7579,24.114,-10.154,22.84
7589,45.728,-38.351,10.628
7599,29.317,-18.038,-10.609
7612,17.809,-18.666,-24.511
7623,9.938,-9.493,-28.484
7633,-2.992,-15.104,-45.833
7645,14.376,-1.455,40.089
7658,25.736,-26.196,8.722
7669,57.04,-53.45,37.427
7680,40.989,3.667,-17.866
7689,22.361,-8.689,-19.762
7700,13.998,-3.509,-9.876
7713,13.601,-0.493,-14.391
7724,15.449,36.163,13.366
7733,11.877,-3.83,-0.618
7744,6.903,-16.325,-5.663
7760,6.329,3.978,5.807
7768,-0.675,-18.479,-6.429
7779,-0.833,-22.438,1.154
7790,5.788,8.785,12.705
7800,8.143,-5.232,8.536
7815,4.28,-6.022,5.898
7824,5.654,-1.029,9.986
7835,-0.737,-10.81,9.666
7846,2.408,-12.969,-21.414
7855,-17.182,-62.058,-8.665
7868,2.485,-10.082,11.317
7877,0.182,18.948,7.219
7888,-6.176,-5.232,-3.298
7899,2.035,-1.226,6.228
7908,-0.89,32.439,0.211
7923,3.638,-18.058,-19.704
7934,-2.69,-8.598,-14.711
7945,-3.844,6.865,-15.602
7955,3.327,9.311,-4.94
7964,13.313,-1.221,-9.129
7977,3.251,2.667,-34.004
7987,17.177,-5.185,-22.117
7994,11.528,-13.031,10.159
8005,25.085,-1.632,19.006
8015,33.176,-9.302,35.407
8030,26.445,-65.643,-10.025
8038,28.436,-11.427,-2.987
8047,19.216,-36.264,-64.288
8058,5.965,0.474,-37.834
8069,-3.188,34.009,-21.083
8080,18.383,-24.377,10.676
8095,30.5,-46.743,18.029
8105,33.793,-46.446,5.232
8116,31.17,10.795,-14.505
8125,12.064,20.973,-9.302
8140,8.761,-7.918,-4.787
8151,7.243,40.984,12.638
8162,10.599,-33.65,11.413
8171,12.816,-6.597,7.147
8181,12.327,4.586,14.266
8196,7.344,-24.109,1.441
8205,10.417,5.031,12.653
8216,5.285,-5.812,7.53
8227,0.349,-15.286,2.106
8235,1.542,0.067,4.155
8246,4.687,-1.278,7.636
8261,-15.185,-22.764,-24.396
8271,-9.11,113.401,10.149
8282,11.355,-52.718,-13.28
8293,-4.83,-30.323,9.761
8301,1.202,21.878,5.376
8311,-6.659,-2.437,-7.262
8325,-1.096,-3.121,-3.002
8335,-4.366,29.552,10.848
8346,-4.452,-14.975,-10.063
8357,-9.594,-2.398,-4.744
8368,-4.634,1.503,-5.17
8377,-3.49,-1.436,-6.64
8390,0.517,5.898,-3.131
8400,-2.145,10.46,-5.429
8411,-0.503,10.987,-28.872
8426,28.235,-9.292,-24.09
8436,0.014,-14.893,-11.872
8446,31.28,-12.801,4.136
8482,20.509,5.285,-22.424
8492,2.346,-2.355,-18.776
8503,5.769,-10.408,47.025
8511,22.5,-8.631,10.953
8525,39.739,-40.821,31.012
8537,34.938,-16.966,-16.363
8547,18.8,34.143,-6.161
8558,9.733,-0.057,-7.765
8572,2.69,6.951,-5.74
8587,4.342,8.306,8.995
8598,8.368,1.795,14.525
8608,7.339,2.901,15.037
8618,6.429,-2.532,9.417
8627,5.525,-5.975,10.81
8642,0.44,-16.487,2.537
8652,0.196,-2.896,-0.527
8661,1.259,-1.494,4.787
8672,-2.762,-7.487,1.905
8681,1.886,-3.562,9.785
8692,6.252,-10.187,13.677
8706,-8.732,-17.986,-7.459
8714,-18.062,72.992,7.837
8732,7.933,-26.162,-18.082
8742,-4.28,-35.153,-9.728
8752,5.587,-8.861,4.49
8763,2.059,-10.269,1.13
8772,-0.33,-19.412,2.451
8785,3.643,-5.429,4.95
8796,7.253,-12.102,-7.411
8806,-2.049,-10.274,-7.483
8816,4.117,0.45,-0.44
8827,3.016,2.408,-0.23
8841,3.538,1.144,0.967
8847,2.48,-2.389,-1.948
8860,0.345,-2.92,-7.147
8874,7.54,-1.69,-8.612
8883,3.782,0.517,-8.928
8894,13.572,2.777,-10.508
8904,17.991,-1.326,-9.699
8919,12.978,-5.462,-12.777
8930,14.065,-9.359,-14.965
8936,5.611,-5.218,-19.168
8947,-0.187,-6.894,-45.283
8960,-17.526,-43.995,-46.623
8968,33.951,-0.019,24.879
8979,47.246,34.871,-61.675
8993,-18.646,69.684,16.004
9002,3.313,19.537,-3.207
9012,10.609,-64.308,-31.639
9020,-9.9,4.811,-14.084
9031,-9.57,40.687,0.306
9041,-13.974,6.271,-4.854
9054,-11.863,-5.869,-5.3
9064,-9.565,2.829,-3.102
9079,0.823,-10.278,-0.56
9090,1.403,-9.129,-2.068
9100,-8.847,0.536,-3.045
9111,-11.106,4.342,-4.735
9121,-10.369,0.369,-4.285
9133,-10.058,-1.422,-4.5
9140,-8.469,-0.68,-2.576
9151,-3.351,-3.399,-1.206
9164,-1.398,-7.468,-1.273
9175,-4.084,-0.254,-2.087
9187,-8.186,4.007,-2.69
9201,-7.909,1.834,-3.241
9212,-8.646,0.89,-4.309
9223,-9.278,-1.029,-5.491
9233,-7.253,-4.428,-4.878
9248,-5.649,-5.673,-4.38
9258,-5.97,-3.284,-4.017
9268,-7.377,0.407,-3.964
9278,-9.043,0.929,-4.476
9292,-9.302,1.604,-4.548
9303,-10.637,2.035,-5.156
9312,-10.427,0.11,-5.209
9323,-7.171,-3.456,-5.098
9334,-5.922,-6.238,-4.452
9349,-6.908,-2.671,-4.486
9358,-8.158,-0.139,-4.486
9365,-8.761,-0.091,-4.739
9380,-8.698,-0.416,-4.644
9391,-8.794,-0.833,-4.567
9402,-8.627,-0.656,-4.385
9412,-8.076,-2.26,-4.462
9419,-6.501,-3.758,-3.993
9429,-5.817,-4.577,-3.667
9443,-6.492,-3.605,-3.906
9454,-8.292,-2.389,-4.806
9462,-9.11,-1.36,-5.041
9473,-9.326,-1.192,-5.4
9486,-9.35,-0.383,-5.122
9497,-8.584,0.244,-4.677
9508,-8.162,-0.412,-4.859
9517,-6.109,-3.969,-4.548
9528,-6.736,-5.434,-4.897
9542,-7.478,-4.107,-4.969
9549,-8.052,-2.901,-5.075
9561,-8.631,-2.188,-5.457
9577,-9.321,-0.785,-5.692
9585,-9.517,-0.402,-5.505
9596,-9.177,-0.737,-5.63
9607,-8.11,-1.001,-5.678
9617,-7.19,-4.079,-5.654
9628,-7.147,-5.256,-5.261
9639,-7.387,-3.495,-4.625
9651,-8.043,-1.676,-4.194
9662,-8.521,-1.905,-4.356
9676,-9.062,-2.336,-4.505
9685,-9.11,-2.422,-4.653
9697,-8.655,-1.144,-3.95
9710,-7.789,-2.858,-4.854
9721,-7.195,-4.744,-5.3
9731,-7.933,-4.002,-5.185
9746,-8.134,-0.895,-4.744
9757,-8.541,0.206,-5.07
9763,-8.742,0.326,-5.204
9773,-9.125,0.225,-5.548
9786,-7.976,0.56,-4.452
9798,-8.057,-1.149,-5.644
9807,-8.445,-1.623,-5.955
9817,-8.483,-1.455,-5.975
9827,-8.737,-1.168,-5.51
9840,-8.397,-0.685,-5.122
9851,-8.536,-0.034,-5.343
9861,-8.823,-0.771,-5.874
9867,-9.019,-0.574,-5.769
9878,-8.89,1.197,-5.486
9893,-8.665,-0.22,-5.491
9904,-8.766,-1.963,-5.936
9913,-8.689,-2.341,-6.07
9924,-8.842,-1.441,-5.984
9935,-9.01,-0.89,-6.018
9949,-8.938,-0.948,-6.061
9957,-8.497,-0.752,-5.898
9968,-8.392,-1.015,-5.874
9981,-8.33,-0.742,-5.874
9992,-8.21,-0.579,-5.903
10002,-8.225,-0.45,-5.84
10013,-8.248,-0.89,-5.908
10024,-8.028,-0.905,-5.778
10040,-7.942,-1.12,-5.716
10047,-7.918,-1.197,-5.687
10059,-8.009,-0.962,-5.716
10071,-8.019,-0.512,-5.611
10078,-7.87,-0.565,-5.534
10088,-8.0,-0.728,-5.769
10099,-7.956,-0.732,-5.663
10114,-7.889,-0.68,-5.563
10122,-7.832,-0.914,-5.592
10129,-7.803,-0.934,-5.548
10143,-7.976,-0.9,-5.644
10151,-7.952,-0.761,-5.601
10159,-8.067,-0.369,-5.568
10175,-7.899,-0.924,-5.51
10185,-7.66,-0.914,-5.381
10196,-7.497,-0.91,-5.323
10204,-7.612,-0.756,-5.333
10211,-7.612,-1.154,-5.357
10223,-7.583,-0.962,-5.515
10237,-7.731,-0.766,-5.735
10245,-8.201,-0.608,-5.955
10256,-8.641,-0.641,-6.176
10266,-8.651,-1.034,-6.176
10281,-8.354,-0.938,-5.769
10287,-7.856,-1.168,-5.457
10297,-7.277,-1.139,-5.161
10308,-7.066,-1.206,-5.06
10323,-7.325,-0.838,-5.223
10331,-7.684,-0.689,-5.52
10343,-8.11,-0.761,-5.735
10354,-8.55,-0.843,-6.099
10367,-8.842,-0.838,-6.185
10377,-8.789,-0.747,-6.104
10387,-8.158,-0.862,-5.773
10401,-7.602,-1.23,-5.644
10412,-7.219,-1.407,-5.453
10420,-7.076,-1.484,-5.419
10431,-7.483,-0.886,-5.606
10446,-8.134,-0.541,-5.831
10455,-8.435,-0.469,-6.027
10466,-8.684,-0.416,-6.037
10477,-8.497,-0.45,-5.773
10488,-8.196,-0.187,-5.534
10499,-7.933,-0.134,-5.376
10513,-7.64,-0.034,-5.414
10524,-7.569,-0.034,-5.41
10534,-7.459,-0.709,-5.802
10543,-7.765,-1.786,-6.281
10554,-8.158,-1.886,-6.271
10564,-8.368,-1.36,-6.08
10578,-8.354,-1.005,-5.898
10589,-8.282,-0.704,-5.711
10599,-8.22,-0.737,-5.592
10610,-8.086,-0.393,-5.501
10620,-7.731,-0.809,-5.52
10633,-7.54,-1.039,-5.539
10643,-7.674,-1.34,-5.625
10650,-7.837,-0.852,-5.673
10662,-8.21,-0.316,-5.764
10675,-8.373,-0.273,-5.831
10685,-8.344,-0.378,-5.802
10696,-8.081,-0.574,-5.73
10705,-7.88,-0.804,-5.74
10717,-7.918,-0.771,-5.826
10731,-7.822,-0.977,-5.726
10742,-7.827,-0.857,-5.525
10753,-7.889,-0.699,-5.41
10761,-7.822,-0.675,-5.357
10775,-7.913,-0.551,-5.343
10785,-8.095,-0.469,-5.529
10796,-8.33,-0.579,-5.654
10807,-8.244,-0.589,-5.73
